handle,title,reason
adidas-handball-spezial-scarlet-gum-1,Adidas Handball Spezial Scarlet Gum,unavailable
new-balance-fresh-foam-x-trail-more-v3-2e-wide-navy-chrome-blue,New Balance Fresh Foam x Trail More v3 2E Wide Navy Chrome Blue,unavailable
new-balance-fresh-foam-x-more-trail-v3-2e-wide-interstellar-shadow,New Balance Fresh Foam x More Trail v3 2E Wide Interstellar Shadow,unavailable
new-balance-fresh-foam-x-more-trail-v3-chrome-blue-terrarium,New Balance Fresh Foam x More Trail v3 Chrome Blue Terrarium,unavailable
nb-9060-prism-purple-vibrant-spring,New Balance 9060 Prism Purple Vibrant Spring,unavailable
on-cloudtilt-2-loewe-black-white,ON Cloudtilt 2 x Loewe Black White,unavailable
on-cloudtilt-lime-ivory,ON Cloudtilt Lime Ivory,unavailable
on-cloudtilt-midnight-ivory,ON Cloudtilt Midnight Ivory,unavailable
adidas-adizero-evo-sl-carbon-lucid-red-1,Adidas Adizero EVO SL Carbon & Lucid Red,unavailable
adidas-wales-bonner-x-samba-pony-black-2,Adidas Wales Bonner x Samba Pony Black,unavailable
converse-chuck-taylor-all-star-hi-red-1,Converse Chuck Taylor All Star Hi  “Red”,unavailable
air-jordan-1-low-light-smoke-grey-1,Air Jordan 1 Low Light Smoke Grey,unavailable
air-jordan-1-low-sky-grey-paris-1,Air Jordan 1 Low Sky Grey Paris,unavailable
nike-p-6000-light-iron-ore,Nike P-6000 Light Iron Ore,unavailable
adidas-campus-bad-bunny-cloud-white-1,Adidas Campus Bad Bunny Cloud White,unavailable
converse-chuck-taylor-all-star-hi-navy-1,Converse Chuck Taylor All Star Hi  “Navy”,unavailable
nike-zoom-vomero-5-sp-anthracite,Nike Zoom Vomero 5 SP Anthracite,unavailable
on-cloudtilt-rock-sand,On Cloudtilt Rock Sand,unavailable
on-cloudsurfer-2-glacier-limelight,On Cloudsurfer 2 Glacier Limelight,unavailable
on-cloudsurfer-2-tangerine-ivory,On Cloudsurfer 2 Tangerine Ivory,unavailable
dunk-high-white,Dunk High White,unavailable
vans-knu-skool-black-white-1,Vans Knu Skool Black White,unavailable
new-balance-90-60-mushroom,New balance 90/60 Mushroom,unavailable
adidas-samba-og-cow-print-1,Adidas Samba OG Cow Print,unavailable
yeezy-700-inertia-2,Yeezy 700 Inertia,unavailable
dunk-low-purple-pigeon,Dunk Low Purple Pigeon,unavailable
air-jordan-1-low-bred-twist,Air Jordan 1 Low Bred Twist,unavailable
adidas-samba-leopard-core-black-2,Adidas Samba Leopard / Core Black,unavailable
asics-gel-nyc-cream-oyster-grey-1,Asics Gel NYC Cream Oyster Grey,unavailable
adidas-handball-spezial-aluminium-black-gum-1,Adidas Handball Spezial Aluminium Black Gum,unavailable
dunk-low-medium-curry-1,Dunk Low Medium Curry,unavailable
adidas-wales-bonner-x-samba-pony-leopard-copie,Adidas Wales Bonner x Samba Pony Leopard,unavailable
on-cloudmonster-moon-fawn-1,On Cloudmonster Moon Fawn,unavailable
adidas-handball-spezial-wonder-white-black,"Adidas Handball Spezial Wonder White Black""",unavailable
adidas-handball-spezial-shadow-red,Adidas Handball Spezial Shadow Red,unavailable
adidas-samba-leopard-core-black,Adidas Samba Leopard / Core Black,unavailable
alexander-mcqueen-black,Alexander McQueen Black,unavailable
adidas-forum-low-exhibit-white-pink-blue-1,Adidas Forum Low Exhibit White-Pink-Blue,unavailable
asics-gel-kayano-31-lite-show-digital-aqua,Asics Gel Kayano 31 Lite Show Digital Aqua,unavailable
asics-gel-kayano-31-blue-expanse-digital-aqua,Asics Gel Kayano 31 Blue Expanse Digital Aqua,unavailable
asics-gel-kayano-31-paris,Asics Gel Kayano 31 Paris,unavailable
asics-gel-kayano-31-rich-navy-spice-latte,Asics Gel Kayano 31 Rich Navy Spice Latte,unavailable
asics-gel-kayano-31-extra-wide-triple-black,Asics Gel Kayano 31 Extra Wide Triple Black,unavailable
on-cloud-5-all-black,On Cloud 5 All Black,unavailable
on-cloud-5-all-white,On Cloud 5 All White,unavailable
on-cloudmonster-2-asphalt-lima,On Cloudmonster 2 Asphalt Lima,unavailable
on-cloudmonster-2-black-eclipse,On Cloudmonster 2 Black Eclipse,unavailable
on-cloudmonster-all-black,On Cloudmonster All Black,unavailable
on-cloudmonster-cinder-fog-en-ligne,On Cloudmonster Cinder Fog,unavailable
on-cloudmonster-frost-black,On Cloudmonster Frost Black,unavailable
on-cloudmonster-frost-cobalt,On Cloudmonster Frost Cobalt,unavailable
on-cloudmonster-frost-surf,On Cloudmonster Frost Surf,unavailable
on-cloudmonster-lumos-black,On Cloudmonster Lumos Black,unavailable
on-cloudmonster-magnet-shark,On Cloudmonster Magnet Shark,unavailable
on-cloudmonster-white-lima,On Cloudmonster White Lima,unavailable
on-cloudmonster-undyed-creek,On Cloudmonster Undyed Creek,unavailable
on-cloudnova-all-white,On Cloudnova All White,unavailable
on-cloudsurfer-on-glacier,On Cloudsurfer on Glacier,unavailable
on-cloudsurfer-white-frost,On Cloudsurfer White Frost,unavailable
on-distance-x-cloudmonster-2-white-lapis,On Distance x Cloudmonster 2 White Lapis,unavailable
on-cloudmonster-pearl-flame,On Cloudmonster Pearl Flame,unavailable
on-cloudtilt-mineral-ivory,On Cloudtilt Mineral Ivory,unavailable
on-cloudmonster-2-black-frost,On Cloudmonster 2 Black Frost,unavailable
on-cloudmonster-ice-alloy,On Cloudmonster Ice Alloy,unavailable
dunk-low-sb-x-there-skateboards-ultra-humanized,Dunk Low SB x THERE Skateboards Ultra Humanized,unavailable
asics-gel-nyc-graphite-grey-black-1,Asics Gel NYC Graphite Grey Black,unavailable
new-balance-9060-triple-white-1,New Balance 9060 Triple White,unavailable
adidas-samba-pony-cream-white-x-wales-bonner-copie,Adidas Samba Pony Cream White x Wales Bonner,unavailable
adidas-samba-pony-cream-white-x-wales-bonner,Adidas Samba Pony Cream White x Wales Bonner,unavailable
adidas-handball-spezial-sporty-rich-brown,Adidas Handball Spezial Sporty & Rich Brown,unavailable
adidas-superstar-magic-beige-tribal,Adidas Superstar Magic Beige Tribal,unavailable
new-balance-9060-triple-white,New Balance 9060 Triple White,unavailable
new-balance-9060-x-joe-freshgoods-dark-gray,New Balance 9060 X Joe Freshgoods Dark Gray,unavailable
new-balance-9060-white-pink-blue,New Balance 9060 White Pink Blue,unavailable
air-force-1-low-orange-skeleton-halloween-2020,Air Force 1 Low Orange Skeleton Halloween (2020),unavailable
air-force-1-low-07-white-black-outline,Air Force 1 Low ’07 White Black Outline,unavailable
adidas-samba-wales-bonner-silver,Adidas Samba Wales Bonner Silver,unavailable
air-jordan-1-retro-low-og-mocha,Air Jordan 1 Retro Low OG Mocha,unavailable
air-jordan-1-low-se-orange-wear-away,Air Jordan 1 Low SE Orange Wear-Away,unavailable
air-jordan-1-low-phantom-denim,Air Jordan 1 Low Phantom Denim,unavailable
air-jordan-1-low-x-travis-scott-og-sp-black-phantom,Air Jordan 1 Low x Travis Scott OG SP Black Phantom,unavailable
asics-gel-nyc-navy-steel,Asics Gel NYC Navy Steel,unavailable
dunk-low-year-of-the-rabbit-fossil-stone-1,Dunk Low 'Year of the Rabbit - Fossil Stone',unavailable
converse-chuck-taylor-all-star-platform-montante-3,Converse Chuck Taylor All Star Platform montante,unavailable
converse-chuck-taylor-all-star-hi-black-1,Converse Chuck Taylor All Star Hi “Black”,unavailable
new-balance-mr530ka-silver-white-1,New Balance MR530KA Silver White,unavailable
air-force-1-gs-black-white-1,Air Force 1 (GS) Black / White,unavailable
dunk-low-remastered-medium-olive,Dunk Low Remastered Medium Olive,unavailable
new-balance-9060-bricks-wood,New Balance 9060 Bricks & Wood,unavailable
air-force-1-low-multi-swoosh-black-crimson,Air Force 1 Low Multi Swoosh Black Crimson,unavailable
air-jordan-1-retro-high-travis-scott-cactus-jack-1,"Air Jordan 1 Retro High Travis Scott ""Cactus Jack""",unavailable
adidas-forum-low-white-royal-blue,Adidas Forum Low White Royal Blue,unavailable
adidas-campus-00s-crystal-white-dark-green-1,Adidas Campus 00s Crystal White Dark Green,unavailable
adidas-galaxy-7-running,Adidas Galaxy 7 Running,unavailable
adidas-galaxy-7-running-shoes,Adidas Galaxy 7 Running Shoes,unavailable
adidas-pureboost-5-running-blue-spark-blue-spark-metal-cobalt-blue,Adidas Pureboost 5 Running Blue spark/Blue Spark Metal/Cobalt Blue,unavailable
air-jordan-1-low-x-travis-scott-og-sp-dark-mocha,Air Jordan 1 Low x Travis Scott OG SP Dark Mocha,unavailable
dunk-low-yuto-horigome-1,Dunk Low Yuto Horigome,unavailable
air-force-1-low-07-premier-baroque-brown-copy,Air Force 1 Low '07 Premier Baroque Brown,unavailable
adidas-campus-00s-wok22-white,Adidas Campus 00s wok22 White,unavailable
blazer-mid-off-white-grim-reaper-copy,Blazer Mid Off-White Grim Reaper,unavailable
vans-knu-skool-copie,Vans Knu Skool Black,unavailable
new-balance-9060-gris-matter-timberwolf-copie,New Balance 9060 Blacktop,unavailable
new-balance-9060-gris-matter-timberwolf,New Balance 9060 Gris Matter Timberwolf,unavailable
new-balance-9060-arctic-grey,New Balance 9060 Arctic Grey,unavailable
adidas-samba-og-made-in-italy-black-gum-copie,Adidas Samba OG White Red,unavailable
adidas-bad-bunny-x-campus-chalky-brown,Adidas Bad Bunny x Campus Chalky Brown,unavailable
lacoste-carnaby-pro-black,Lacoste Carnaby Pro Black,unavailable
air-force-1-low-four-horsemen-1,Air Force 1 Low Four Horsemen,unavailable
air-jordan-1-low-desert,Air Jordan 1 Low Desert,unavailable
air-jordan-1-low-lucky-green,Air Jordan 1 Low Lucky Green,unavailable
air-jordan-1-low-marina-blue,Air Jordan 1 Low Marina Blue,unavailable
air-jordan-1-low-gym-red,Air Jordan 1 Low Gym Red,unavailable
air-force-1-low-07-valentine-s-day-2023,Air Force 1 Low '07 Valentine’s Day (2023),unavailable
air-force-1-low-premium-light-armory-blue,Air Force 1 Low Premium Light Armory Blue,unavailable
air-force-1-low-07-chili-pepper,Air Force 1 Low ‘07 Chili Pepper,unavailable
air-force-1-low-first-use-light-sail-red,Air Force 1 Low First Use Light Sail Red,unavailable
blazer-mid-77-jumbo-university-blue-1,Blazer Mid 77 Jumbo “ University Blue ”,unavailable
air-jordan-11-retro-bred-1,Air Jordan 11 Retro Bred,unavailable
dunk-low-black-white-copie,Dunk Low Black White,unavailable
air-jordan-1-low-black-white-diamond,Air Jordan 1 Low Black White Diamond,unavailable
blazer-mid-77-jumbo-black-bright-crimson,"Blazer Mid 77 Jumbo "" Black Bright Crimson """,unavailable
new-balance-9060-grey-blue,New Balance 9060 Grey Blue,unavailable
new-balance-9060-moonbeam-sea-salt,New Balance 9060 Moonbeam Sea Salt,unavailable
new-balance-90-60-december-sky-copie,New Balance 90/60  Vintage Indigo,unavailable
air-jordan-1-high-element-gore-tex-light-bone,Air Jordan 1 High Element Gore Tex Light Bone,unavailable
air-force-1-low-color-of-the-month-forest-green,Air Force 1 Low Color of the Month Forest Green,unavailable
air-force-1-low-white-khaki-gum,Air Force 1 Low White Khaki Gum,unavailable
air-force-1-low-lv8-emb-hemp-coconut-milk,Air Force 1 Low LV8 EMB Hemp Coconut Milk,unavailable
air-force-1-lxx-vachetta-tan,Air Force 1 LXX Vachetta Tan,unavailable
air-force-1-low-grey-cream,Air Force 1 Low Grey Cream,unavailable
air-force-1-07-light-smoke-grey-white,Air Force 1 07 Light Smoke Grey White,unavailable
air-force-1-low-quadruple-swoosh,Air Force 1 Low Quadruple Swoosh,unavailable
new-balance-ct302-copie,New Balance CT302,unavailable
adidas-campus-light-bad-bunny-wild-moss-1,Adidas Campus Light Bad Bunny Wild Moss,unavailable
yeezy-700-wave-runner-solid-grey-1,Yeezy 700 Wave Runner Solid Grey,unavailable
air-jordan-1-mid-diamond-shorts-1,Air Jordan 1 Mid Diamond Shorts,unavailable
dunk-low-strange-love-1,Dunk Low Strange Love,unavailable
air-force-1-low-sp-tiffany-and-co-1,Air Force 1 Low SP Tiffany And Co,unavailable
air-jordan-4-retro-oreo-1,Air Jordan 4 Retro Oreo,unavailable
air-jordan-1-mid-banned-2021,Air Jordan 1 Mid Banned (2020),unavailable
new-balance-9060-blue-haze-1,"New Balance 9060 "" Blue Haze """,unavailable
adidas-campus-00s-bark,Adidas Campus 00s Bark,unavailable
adidas-campus-00s-wonder-white-cloud-white-off-white,Adidas Campus 00s Wonder White Cloud White Off White,unavailable
dunk-low-teddy-bear-light-soft-pink-1,Dunk Low Teddy Bear Light Soft Pink,unavailable
air-jordan-11-retro-cool-grey-2021,Air Jordan 11 Retro Cool Grey (2021),unavailable
air-force-1-low-se-mini-swoosh-white-habanero-red,Air Force 1 Low SE Mini Swoosh White Habanero Red,unavailable
adidas-niteball-2-0-white,Adidas Niteball 2.0 White,unavailable
adidas-niteball-2-0-black,Adidas Niteball 2.0 Black,unavailable
adidas-niteball-2-0-orbit-green-orange-orbit-green-orange,Adidas Niteball 2.0 Orbit Green Orange,unavailable
adidas-niteball-2-0-white-gray,Adidas Niteball 2.0 White Gray,unavailable
adidas-niteball-2-0-white-semi-turbo,Adidas Niteball 2.0 White Semi Turbo,unavailable
adidas-niteball-2-0-sky-blue,Adidas Niteball 2.0 Sky Blue,unavailable
adidas-niteball-2-0-w-core-white-core-black-silver-metallic,Adidas Niteball 2.0  W Core White Core Black Silver Metallic,unavailable
adidas-niteball-2-0-ftw-white-core-black,Adidas Niteball 2.0 Ftw White Core Black,unavailable
blazer-mid-77-vintage-brick-red-1,Blazer Mid 77 Vintage Brick Red,unavailable
new-balance-2002r-protection-pack-rain-cloud-1,New Balance 2002R Protection Pack Rain Cloud,unavailable
new-balance-860-v2-mars-1,New Balance 860 V2 Mars,unavailable
air-jordan-1-high-og-patent-bred-1,"Air Jordan 1 High OG "" Patent Bred """,unavailable
yeezy-boost-350-v2-cream-triple-white-1,Yeezy Boost 350 V2 Cream/Triple White,unavailable
dunk-low-triple-white-2021,Dunk Low Triple White (2021),unavailable
adidas-samba-team-mexico-1,Adidas Samba Team Mexico,unavailable
air-force-1-low-malachite,Air Force 1 Low Malachite,unavailable
air-force-1-low-07-essential-white-black-gold-mini-swoosh,Air Force 1 Low '07 Essential White Black Gold Mini Swoosh,unavailable
air-force-1-low-07-lv8-double-swoosh-olive-gold-black,Air Force 1 Low 07 LV8 Double Swoosh Olive Gold Black,unavailable
air-force-1-low-white-grey-gold,Air Force 1 Low White Grey Gold,unavailable
air-jordan-1-mid-banned-2020,Air Jordan 1 Mid Banned (2020),unavailable
blazer-mid-77-jumbo-white-black-1,Blazer Mid ’77 Jumbo White Black,unavailable
copie-de-balenciaga-triple-s-silver-red,Balenciaga Triple S Silver Red,unavailable
yeezy-boost-350-v2-tail-light-1,Yeezy Boost 350 V2 Tail Light,unavailable
yeezy-slide-bone-1,Yeezy Slide Bone,unavailable
air-jordan-4-black-cat,Air Jordan 4 Black Cat,unavailable
air-jordan-1-retro-low-og-year-of-the-rabbit-1,Air Jordan 1 Retro Low OG Year of the Rabbit,unavailable
dunk-low-staple-nyc-pigeon-1,Dunk Low Staple NYC Pigeon,unavailable
dunk-low-laser-blue-1,Dunk Low Laser Blue,unavailable
air-jordan-1-retro-low-og-zion-williamson-voodoo-1,Air Jordan 1 Retro Low OG Zion Williamson Voodoo,unavailable
dunk-low-bordeaux-1,Dunk Low Bordeaux,unavailable
new-balance-mr350ka-black-1,New Balance MR350KA Black,unavailable
adidas-forum-low-white-black-1,Adidas Forum Low White Black,unavailable
air-force-1-low-kith-knicks-away,Air Force 1 Low Kith Knicks Away,unavailable
air-force-1-premium-georges-entourage,Air Force 1 Low Premium Georges Entourage,unavailable
air-force-1-low-the-great-unity,Air Force 1 Low The Great Unity,unavailable
air-force-1-low-sp-undefeated-5-on-it-blue-yellow-croc,Air Force 1 Low SP Undefeated 5 On It Blue Yellow Croc,unavailable
air-force-1-low-peace-and-unity,Air Force 1 Low Peace and Unity,unavailable
adidas-campus-light-bad-bunny-wild-moss,Adidas Campus Light Bad Bunny Wild Moss,unavailable
dunk-low-green-apple,Dunk Low Green Apple,unavailable
dunk-low-x-concepts-purple-lobster,Dunk Low x Concepts Purple Lobster,unavailable
dunk-low-chicago-split,Dunk Low Chicago Split,unavailable
dunk-low-strange-love,Dunk Low Strange Love,unavailable
dunk-low-jumbo-reverse-panda,Dunk Low Jumbo Reverse Panda,unavailable
dunk-low-twist-panda,Dunk Low Twist Panda,unavailable
dunk-low-retro-prm-valentines-day,Dunk Low Retro PRM Valentine's Day,unavailable
dunk-low-parra,Dunk Low Parra,unavailable
dunk-low-staple-nyc-pigeon,Dunk Low Staple NYC Pigeon,unavailable
dunk-low-terry-swoosh,Dunk Low Terry Swoosh,unavailable
dunk-low-teddy-bear-light-soft-pink,Dunk Low Teddy Bear Light Soft Pink,unavailable
air-jordan-13-university-blue,Air Jordan 13 University Blue,unavailable
air-jordan-13-wolf-grey,Air Jordan 13 Wolf Grey,unavailable
air-jordan-13-black-flint,Air Jordan 13 Black Flint,unavailable
air-jordan-13,Air Jordan 13 Flint,unavailable
new-balance-90-60-joe-freshgoods-inside-voices-baby-shower-blue,New Balance 90/60 Joe Freshgoods Inside Voices Baby Shower Blue,unavailable
air-jordan-1-retro-low-og-sp-travis-scott-olive-1,Air Jordan 1 Retro Low OG SP Travis Scott Olive,unavailable
air-jordan-1-low-travis-scott-fragment-1,Air Jordan 1 Low Travis Scott Fragment,unavailable
air-jordan-1-low-black-white-particle-grey-1,Air Jordan 1 Low Black White Particle Grey,unavailable
new-balance-mr530sg-white-blue-1,New Balance MR530SG White Blue,unavailable
copie-de-air-jordan-1-low-triple-white,Air Jordan 1 Low Triple White,unavailable
dunk-low-nba-75th-anniversary-brooklyn-nets,Dunk Low NBA 75th Anniversary Brooklyn Nets,unavailable
balenciaga-speed-trainer-black-1,Balenciaga Speed Trainer Black,unavailable
air-force-1-low-07-black-smoke-grey-1,Air Force 1 Low '07 - Black Smoke Grey,unavailable
air-jordan-1-retro-high-light-smoke-grey-1,Air Jordan 1 Retro High Light Smoke Grey,unavailable
air-jordan-3-retro-black-cement-2019,Air Jordan 3 Retro Black Cement (2018),unavailable
dunk-otomo-katsuhiro-steamboy-light-grey,Dunk Otomo Katsuhiro Steamboy LIGHT GREY,unavailable
copie-de-air-force-1-low-stussy-fossil,Air Force 1 Low Stussy Fossil,unavailable
copie-de-air-force-1-low-stussy-black,Air Force 1 Low Stussy Black,unavailable
new-balance-550-white-grey-1,New Balance 550 White Grey,unavailable
air-jordan-1-mid-pine-green,Air Jordan 1 Mid Pine Green,unavailable
air-jordan-1-mid-half-blue-polka-dot-swoosh,Air Jordan 1 Mid Half Blue Polka Dot Swoosh,unavailable
air-jordan-1-mid-quilted,"Air Jordan 1 Mid "" Quilted """,unavailable
blazer-mid-77-vintage-black-sail-1,Blazer Mid '77 Vintage Black Sail,unavailable
new-balance-9060-blue-haze,New Balance 9060 Blue Haze,unavailable
dunk-low-year-of-the-rabbit-brown-orange,Dunk Low 'Year of the Rabbit - Brown Orange',unavailable
copie-de-yeezy-boost-350-v2-ash-blue,Yeezy Boost 350 V2 Ash Blue,unavailable
air-jordan-1-retro-high-85-og-black-white-1,Air Jordan 1 Retro High 85 OG Black White,unavailable
blazer-low-77-vintage-1,Blazer Low '77 Vintage,unavailable
blazer-low-sacai-iron-grey-1,Blazer Low Sacai Iron Grey,unavailable
copie-de-nike-react-vison-white,Nike React Vison - White,unavailable
nike-vaporwaffle-sacai-black-and-gum-1,Nike Vaporwaffle Sacai  Black And Gum,unavailable
air-jordan-3-retro-black-cement-2018,Air Jordan 3 Retro Black Cement (2018),unavailable
copie-de-air-jordan-1-low-x-travis-scott-og-sp-reverse-mocha,Air Jordan 1 Low x Travis Scott OG SP Reverse Mocha,unavailable
balenciaga-triple-s-black-1,Balenciaga Triple S Black,unavailable
air-jordan-1-mid-se-light-iron-ore-1,Air Jordan 1 Mid SE Light Iron Ore,unavailable
copie-de-air-jordan-1-low-wolf-grey,Air Jordan 1 Low Wolf Grey,unavailable
copie-de-air-jordan-4-retro-cool-grey-2019,Air Jordan 4 Retro Cool Grey (2019),unavailable
adidas-gazelle-grey-three-cloud-white-gold-metallic-1,Adidas Gazelle Grey Three/ Cloud White/Gold Metallic,unavailable
copie-de-air-jordan-1-mid-coconut-milk-particle-grey,Air Jordan 1 Mid Coconut Milk Particle Grey,unavailable
copie-de-air-force-1-shadow-spruce,Air Force 1 Shadow Spruce,unavailable
copie-de-air-force-1-low-07-lv8-double-swoosh-white-metallic-gold,"Air Force 1 Low '07 LV8 Double Swoosh "" White Metallic Gold """,unavailable
lacoste-powercourt-tricolore-1,Lacoste Powercourt Tricolore,unavailable
air-force-1-mid-7-1,Air Force 1 Mid '07,unavailable
new-balance-casablanca-xc-72-grey-2,New Balance Casablanca XC-72 Grey,unavailable
blazer-mid-77-vintage-white-black-1,Blazer Mid '77 Vintage White Black,unavailable
air-jordan-1-retro-high-og-hyper-royal-1,"Air Jordan 1 Retro High OG "" Hyper Royal """,unavailable
air-jordan-1-low-black-toe-1,Air Jordan 1 Low Black Toe,unavailable
air-jordan-4-military-black-1,Air Jordan 4 Military Black,unavailable
air-jordan-3-unc,Air Jordan 3 UNC,unavailable
air-jordan-3-retro-georgetown-2021,Air Jordan 3 Retro Georgetown (2021),unavailable
air-jordan-3-retro-cool-grey-2021,Air Jordan 3 Retro Cool Grey (2021),unavailable
air-jordan-3-retro-racer-blue,Air Jordan 3 Retro Racer Blue,unavailable
air-jordan-1-retro-high-bred-toe-1,"Air Jordan 1 Retro High ""Bred Toe""",unavailable
nike-react-vison-anthracite,Nike React Vison - Anthracite,unavailable
air-force-1-07,Air Force 1 '07,unavailable
air-force-1-07-athletic-club-sail,Air Force 1 '07 Athletic Club Sail,unavailable
reebok-zig-kinetica-edge,Reebok Zig Kinetica Edge,unavailable
reebok-zig-kinetica-edge-2,Reebok Zig Kinetica Edge,unavailable
reebok-zig-kinetica-edge-1,Reebok Zig Kinetica Edge,unavailable
lacoste-powercourt-tricolore,Lacoste Powercourt Tricolore,unavailable
lacoste-powercourt-black,Lacoste Powercourt Black,unavailable
adidas-stan-smith-black-2,Adidas Stan Smith Black,unavailable
air-jordan-1-low-mighty-swooshers,"Air Jordan 1 Low ""Mighty Swooshers""",unavailable
air-jordan-1-low-utility-gs-crimson-pulse,"Air Jordan 1 Low Utility GS "" Crimson Pulse """,unavailable
air-jordan-1-low-mocha,Air Jordan 1 Low Mocha,unavailable
air-jordan-1-low-panda,Air Jordan 1 Low Panda,unavailable
air-jordan-1-low-bulls,Air Jordan 1 Low Bulls,unavailable
air-jordan-1-low-court-purple,"AIR JORDAN 1 LOW ""Court Purple""",unavailable
air-jordan-1-low-se-nothing-but-net,"AIR JORDAN 1 LOW SE ""Nothing But Net""",unavailable
air-jordan-1-low-pinksicle-1,Air Jordan 1 Low Pinksicle,unavailable
air-jordan-1-low-pinksicle,Air Jordan 1 Low Pinksicle,unavailable
air-jordan-1-low-se-laser-orange,"AIR JORDAN 1 LOW SE ""Laser Orange""",unavailable
air-jordan-1-low-gs,"Air Jordan 1 Low "" Gs """,unavailable
new-balance-327-casablanca-red-monogram,New Balance 327 Casablanca Red Monogram,unavailable
new-balance-327-casablanca-holly-green,New Balance 327 Casablanca Holly Green,unavailable
dunk-low-nh-cacao-wow,Dunk Low NH Cacao Wow,unavailable
dunk-low-olive-brown-orange,Dunk Low Olive Brown Orange,unavailable
air-jordan-1-low-unc-2021,Air Jordan 1 Low UNC (2021),unavailable
air-jordan-4-retro-fear-pack,Air Jordan 4 Retro Fear Pack,unavailable
air-force-1-07-se,Air Force 1 '07 SE,unavailable
new-balance-casablanca-xc-72-grey-1,New Balance Casablanca XC-72 Grey,unavailable
air-jordan-4-psg-neutral-grey-bordeaux,Air Jordan 4 PSG Neutral Grey Bordeaux,unavailable
air-force-1-low-07-premium-nai-ke,Air Force 1 Low '07 Premium Nai Ke,unavailable
air-jordan-6-unc,Air Jordan 6 UNC,unavailable
air-jordan-11-retro-space-jam-2016-release,Air Jordan 11 Retro Space Jam 2016 Release,unavailable
air-jordan-11-retro-bred,Air Jordan 11 Retro Bred,unavailable
dunk-low-samba-2020,Dunk Low Samba (2020),unavailable
blazer-low-77-vintage,Blazer Low '77 Vintage,unavailable
blazer-mid-77-goes-pacific-blue,Blazer Mid '77 Goes Pacific Blue,unavailable
dunk-low-avocado,Dunk Low Avocado,unavailable
dunk-low-teal-zeal,Dunk Low Teal Zeal,unavailable
air-jordan-4-retro-ls-columbia,"Air Jordan 4 Retro LS "" Columbia """,unavailable
air-jordan-4-retro-travis-scott-cactus-jack,Air Jordan 4 Retro Travis Scott Cactus Jack,unavailable
adidas-forum-84-low-off-white,Adidas Forum 84 Low Off-White,unavailable
adidas-forum-84-low-wild-teal,Adidas Forum 84 Low Wild Teal,unavailable
adidas-forum-84-low-white-gum,Adidas Forum 84 Low  White Gum,unavailable
adidas-forum-84-low-orbit-grey,Adidas Forum 84 Low Orbit Grey,unavailable
air-jordan-1-low-to-my-first-coach,Air Jordan 1 Low To My First Coach,unavailable
air-jordan-1-low-spades,Air Jordan 1 Low Spades,unavailable
dunk-low-dark-marina-blue,Dunk Low Dark Marina Blue,unavailable
air-jordan-1-low-og-unc-2022,Air Jordan 1 Low OG UNC (2022),unavailable
air-jordan-1-low-prm-smoke-grey-elephant,Air Jordan 1 Low PRM Smoke Grey Elephant,unavailable
air-jordan-1-low-se-tropical-twist,"Air Jordan 1 Low SE "" Tropical Twist """,unavailable
air-jordan-1-low-tan-gum,"Air Jordan 1 Low "" Tan Gum """,unavailable
air-jordan-1-low-multi-pastel,"Air Jordan 1 Low "" Multi Pastel """,unavailable
air-jordan-1-low-canyon-rust,Air Jordan 1 Low Canyon Rust,unavailable
air-jordan-1-low-pollen,Air Jordan 1 Low Pollen,unavailable
air-jordan-1-low-quai-54-2021,Air Jordan 1 Low Quai 54 (2021),unavailable
air-force-1-low-st-patricks-day-2021,Air Force 1 Low St Patricks Day (2021),unavailable
blazer-mid-77-jumbo-glaze-powder,Blazer Mid 77 Jumbo “ Glaze Powder ”,unavailable
blazer-mid-77-jumbo-university-blue,Blazer Mid 77 Jumbo “ University Blue ”,unavailable
blazer-mid-77-jumbo-habanero-red,Blazer Mid 77 Jumbo “ Habanero Red ”,unavailable
blazer-mid-77-jumbo-white-black,Blazer Mid ’77 Jumbo White Black,unavailable
air-jordan-1-low-barely-green,Air Jordan 1 Low Barely Green,unavailable
blazer-low-sacai-blazer-team-red,Blazer Low Sacai Kaws Team Red,unavailable
air-force-1-low-plt-af-orm-fossil,Air Force 1 Low PLT.AF.ORM Fossil,unavailable
air-force-1-low-plt-af-orm-pastel-leopard,Air Force 1 Low PLT.AF.ORM Pastel Leopard,unavailable
air-force-1-low-platform-triple-white,Air Force 1 Low Platform Triple White,unavailable
nike-react-vision-worldwide,Nike React Vision Worldwide,unavailable
nike-react-vison-white,Nike React Vison - White,unavailable
nike-react-vison-black,Nike React Vison - Black,unavailable
nike-react-honeycomb,Nike React - Honeycomb,unavailable
dunk-low-retro-prm-animal-pack-giraffe-cheetah,Dunk Low Retro PRM Animal Pack Giraffe,unavailable
blazer-mid-77-infinite-white-kumquat,Blazer Mid 77 Infinite “White Kumquat”,unavailable
nike-vaporwaffle-sacai-dark-iris,Nike Vaporwaffle Sacai  Dark Iris,unavailable
dunk-low-dark-grey-black-gum,Dunk Low Dark Grey Black Gum,unavailable
blazer-mid-77-indigo-rose,"Blazer mid 77 "" Indigo Rose """,unavailable
blazer-mid-77-indigo-blue,"Blazer mid 77 "" Indigo Blue """,unavailable
new-balance-2002r-protection-pack-mirage-grey,New Balance 2002R Protection Pack Mirage Grey,unavailable
new-balance-2002r-protection-pack-sea-salt,New Balance 2002R Protection Pack Sea Salt,unavailable
blazer-mid-77-vintage-black-sail,Blazer Mid '77 Vintage Black Sail,unavailable
new-balance-ct302-3,New Balance CT302,unavailable
new-balance-ct302-2,New Balance CT302,unavailable
new-balance-ct302-1,New Balance CT302,unavailable
new-balance-ct302,New Balance CT302,unavailable
blazer-mid-77-white-black-green-gs,Blazer mid 77 white black green (gs),unavailable
blazer-mid-77-paint-splatter,Blazer Mid 77 Paint Splatter,unavailable
air-force-1-07-x-space-jam-computer-chip-black,Air Force 1 Low '07 Computer Chip Space Jam,unavailable
air-force-1-low-shroud,Air Force 1 Low « Shroud »,unavailable
copie-de-air-force-1-07-prm-silver-chain-white-black,Air Force 1 '07 Premium 'Silver Chain - Black',unavailable
air-force-1-07-prm-silver-chain-white-black,Air Force 1 ‘07 PRM Silver Chain White Black,unavailable
air-force-1-low-07-lx-thank-you,"Air Force 1 Low 07 LX "" Thank You """,unavailable
air-force-1-low-white-kith-nyc-home,Air Force 1 Low White Kith 'NYC Home',unavailable
new-balance-casablanca-xc-72-black-and-white,New Balance Casablanca XC-72  Black And White,unavailable
blazer-low-sacai-iron-grey,Blazer Low Sacai Iron Grey,unavailable
gazelle-2,Adidas Gazelle,unavailable
gazelle,Adidas Gazelle,unavailable
air-force-1-low-07-lv8-pomegranate,"Air Force 1 Low 07 LV8 "" Pomegranate """,unavailable
dunk-low-pro-iso-orange-label,Dunk Low Pro ISO Orange Label,unavailable
dunk-low-vx1000,Dunk Low VX1000,unavailable
blazer-low-sacai-kaws-blue,Blazer Low Sacai Kaws Blue,unavailable
air-force-1-low-07-lv8-double-swoosh-white-metallic-gold,"Air Force 1 Low '07 LV8 Double Swoosh "" White Metallic Gold """,unavailable
air-force-1-low-ken-griffey-jr-and-sr-swingman-gs,Air Force 1 Low Ken Griffey Jr. and Sr. Swingman (GS),unavailable
air-force-1-fontanka-multicolor,Air Force 1 Fontanka 'Multicolor',unavailable
dunk-low-lime-ice,Dunk Low Lime Ice,unavailable
air-jordan-1-low-crimson-tint,Air Jordan 1 Low Crimson Tint,unavailable
new-balance-casablanca-xc-72-triple-black,New Balance Casablanca XC-72 Triple Black,unavailable
new-balance-casablanca-xc-72-black-grey,New Balance Casablanca XC-72 Black Grey,unavailable
blazer-mid-off-white-grim-reaper,Blazer Mid Off-White Grim Reaper,unavailable
blazer-off-white-the-ten,"Blazer Off-White ""The Ten""",unavailable
blazer-mid-off-white-all-hallows-eve,Blazer Mid Off-White All Hallow's Eve,unavailable
blazer-mid-77-vintage-brick-red,Blazer Mid 77 Vintage Brick Red,unavailable
blazer-mid-sketch-black-swoosh,Blazer Mid Sketch Black Swoosh,unavailable
blazer-mid-sketch-red-swoosh,Blazer Mid Sketch Red Swoosh,unavailable
nike-blazer-mid-lx-lucky-charms-white,Nike Blazer Mid LX Lucky Charms White,unavailable
blazer-sb-mid-edge-hack-pack-white,Blazer SB Mid Edge Hack Pack White,unavailable
adidas-wmns-falcon-4,Adidas Falcon,unavailable
adidas-wmns-falcon-3,Adidas Falcon,unavailable
adidas-wmns-falcon-2,Adidas Falcon,unavailable
adidas-wmns-falcon-1,Adidas Falcon,unavailable
adidas-nmd-runner-1,Adidas NMD Runner,unavailable
nmd-runner,NMD Runner,unavailable
adidas-nmd-runner,Adidas NMD Runner,unavailable
yeezy-slide-resin,Yeezy Slide Resin,unavailable
yeezy-slide-glow-green,Yeezy Slide Glow Green,unavailable
yeezy-slide-enflame-orange,Yeezy Slide Enflame Orange,unavailable
yeezy-slide-core,Yeezy Slide Core,unavailable
yeezy-slide-pure,Yeezy Slide Pure,unavailable
yeezy-slide-soot,Yeezy Slide Soot,unavailable
yeezy-500-enflame,Yeezy 500 Enflame,unavailable
yeezy-500-soft-vision,Yeezy 500 Soft Vision,unavailable
yeezy-500-stone,Yeezy 500 Stone,unavailable
yeezy-500-desert-rat-blush,Yeezy 500 Desert Rat Blush,unavailable
yeezy-500-desert-rat-super-moon-yellow,Yeezy 500 Desert Rat Super Moon Yellow,unavailable
yeezy-500-utility-black,Yeezy 500 Utility Black,unavailable
yeezy-500-salt,Yeezy 500 Salt,unavailable
yeezy-boost-380-mist-reflective,Yeezy Boost 380 Mist (Reflective),unavailable
yeezy-boost-380-pepper-reflective,Yeezy Boost 380 Pepper (Reflective),unavailable
yeezy-boost-380-onyx-reflective,Yeezy Boost 380 Onyx (Reflective),unavailable
yeezy-boost-380-alien,Yeezy Boost 380 Alien,unavailable
yeezy-700-v2-cream,Yeezy 700 V2 Cream,unavailable
yeezy-700-sun,Yeezy 700 Sun,unavailable
yeezy-700-v3-clay-brown,Yeezy 700 V3 Clay Brown,unavailable
yeezy-700-v3-arzareth,Yeezy 700 V3 Arzareth,unavailable
yeezy-700-v3-azael,Yeezy 700 V3 Azael,unavailable
yeezy-700-magnet,Yeezy 700 Magnet,unavailable
yeezy-700-salt,Yeezy 700 Salt,unavailable
yeezy-700-mauve,Yeezy 700 Mauve,unavailable
yeezy-700-analog,Yeezy 700 Analog,unavailable
yeezy-700-v2-vanta,Yeezy 700 V2 Vanta,unavailable
yeezy-700-utility-black,Yeezy 700 Utility Black,unavailable
yeezy-700-v2-tephra,Yeezy 700 V2 Tephra,unavailable
yeezy-700-inertia,Yeezy 700 Inertia,unavailable
yeezy-700-wave-runner-solid-grey,Yeezy 700 Wave Runner Solid Grey,unavailable
dior-b23-oblique-multicolore,Dior B23 Oblique multicolore,unavailable
dior-b23-daniel-arsham,Dior B23 Daniel Arsham,unavailable
dior-b23-toile-oblique-blanc,Dior B23 Toile Oblique blanc,unavailable
dior-b23-high-top-blue-oblique,Dior B23 High Top Blue Oblique,unavailable
dior-b23-oblique-shawn,Dior B23 Oblique Shawn,unavailable
dior-b22-4,Dior B22,unavailable
dior-b22-3,Dior B22,unavailable
dior-b22-2,Dior B22,unavailable
dior-b22-1,Dior B22,unavailable
dior-b22,Dior B22,unavailable
converse-chuck-taylor-all-star-70s-off-white,Converse Chuck Taylor All-Star 70s Off-White,unavailable
converse-chuck-taylor-all-star-70s-hi-off-white-the-ten,"Converse Chuck Taylor All-Star 70s Hi Off-White ""The Ten""",unavailable
chuck-taylor-all-star-platform-canvas-basse,Converse Chuck Taylor All Star Platform Canvas basse,unavailable
converse-move-metal-diamond,Converse move metal Diamond,unavailable
converse-move-white,Converse move White,unavailable
converse-move-beige,Converse move beige,unavailable
balenciaga-triple-s-triple-s-clear-sole-green,Balenciaga Triple S Triple-S Clear Sole Green,unavailable
balenciaga-triple-s-white-black-red,Balenciaga Triple S White Black Red,unavailable
dunk-low-championship-red,Dunk Low Championship Red,unavailable
dunk-high-university-blue,Dunk High University Blue,unavailable
dunk-high-lemon-twist,Dunk High Lemon Twist,unavailable
dunk-high-midnight-navy,Dunk High Midnight Navy,unavailable
dunk-low-light-violet-venice,Dunk Low Light Violet (Venice),unavailable
dunk-low-pro-sb-freddy-krueger,Dunk Low Pro SB 'Freddy Krueger',unavailable
dunk-low-elite-pink-white-pigeon,Dunk Low Elite Pink White Pigeon,unavailable
dunk-low-community-garden,Dunk Low Community Garden,unavailable
dunk-high-spectrum,Dunk High Spectrum,unavailable
dunk-low-grateful-dead-orange-bear,Dunk Low Grateful Dead - Orange Bear,unavailable
dunk-low-grateful-dead-bears-green,Dunk Low Grateful Dead Bears Green,unavailable
dunk-low-grateful-dead-bears-yellow,Dunk Low Grateful Dead Bears Yellow,unavailable
dunk-low-off-white-pine-green,Dunk Low Off-White Pine Green,unavailable
dunk-low-off-white-university-red,Dunk Low Off-White University Red,unavailable
dunk-low-off-white-michigan,Dunk Low Off-White Michigan,unavailable
air-force-1-shadow-fresh-perspective,Air Force 1 Shadow Fresh Perspective,unavailable
air-force-1-shadow-white-hydrogen-blue,AIR FORCE 1 SHADOW 'WHITE HYDROGEN BLUE',unavailable
air-force-1-shadow-black-metallic-red-bronze,Air Force 1 Shadow Black Metallic Red Bronze,unavailable
air-force-1-shadow-white-pink-1,Air Force 1 Shadow White Pink,unavailable
air-force-1-shadow-pollen-rise,Air Force 1 Shadow Pollen Rise,unavailable
air-force-1-shadow-speed-yellow,Air Force 1 Shadow Speed Yellow,unavailable
air-force-1-shadow-hydrogen-blue,Air Force 1 Shadow Hydrogen Blue,unavailable
air-force-1-shadow-vast-grey,Air Force 1 Shadow Vast Grey,unavailable
air-force-1-shadow-pistachio-frost,Air Force 1 Shadow Pistachio Frost,unavailable
air-force-1-shadow-pastel,Air Force 1 Shadow Pastel,unavailable
copie-de-air-force-1-shadow-ivoire-pale,Air Force 1 Shadow Ivoire Pale,unavailable
copie-de-air-force-1-shadow-beige-pale-ivory,Air Force 1 Shadow Beige Pale Ivory,unavailable
air-force-1-shadow-pink-foam,Air Force 1 Shadow Pink Foam,unavailable
air-force-1-shadow-wolf-grey,Air Force 1 Shadow Wolf Grey,unavailable
air-force-1-shadow-magic-flamingo,Air Force 1 Shadow Magic Flamingo,unavailable
air-force-1-shadow-spruce,Air Force 1 Shadow Spruce,unavailable
air-force-1-shadow-triple-white,Air Force 1 Shadow Triple White,unavailable
air-force-1-shadow-phantom-echo-pink,Air Force 1 Shadow Phantom Echo Pink,unavailable
air-force-1-shadow-marine-mystique,Air Force 1 Shadow Marine Mystique,unavailable
air-force-1-low-love-letter-valentines-day,Air Force 1 Low Love Letter Valentine's Day (2021),unavailable
air-force-1-low-travis-scott,Air Force 1 Low Travis Scott,unavailable
air-force-1-low-lx-lucky-charms-white,Air Force 1 Low LX Lucky Charms White,unavailable
air-force-1-low-pixel-snakeskin,Air Force 1 Low Pixel Snakeskin,unavailable
air-force-1-sage-low-cool-grey,AIR FORCE 1 SAGE LOW 'COOL GREY',unavailable
air-force-1-low-pixel-particle-beige,Air Force 1 Low Pixel Particle Beige,unavailable
air-force-1-low-pixel-desert-sand,Air Force 1 Low Pixel Desert Sand,unavailable
air-force-1-low-silver-snake-2021,Air Force 1 Low Silver Snake (2021),unavailable
air-force-1-gs,AIR FORCE 1 (GS),unavailable
air-force-1-lv8,AIR FORCE 1 LV8,unavailable
air-force-1-07-lx-sisterhood,"AIR FORCE 1 '07 LX ""Sisterhood""",unavailable
air-force-1-low-drop-type-white,Air Force 1 Low Drop Type White,unavailable
air-force-1-lux,Air Force 1 Lux,unavailable
air-force-1-low-g-dragon-peaceminusone,Air Force 1 Low G-Dragon Peaceminusone Para-Noise White,unavailable
nike-air-force-1-low-cny,Nike Air Force 1 Low CNY,unavailable
air-force-1-low-wheat-dark-mocha,Air Force 1 Low Wheat Dark Mocha,unavailable
air-force-1-gtx-gore-tex-1,"AIR FORCE 1 GTX ""Gore-Tex""",unavailable
air-force-1-gtx-gore-tex-olive,"AIR FORCE 1 GTX ""Gore - Tex"" Olive",unavailable
air-force-1-gtx-gore-tex-black,"AIR FORCE 1 GTX ""GORE-TEX - BLACK""",unavailable
air-force-1-low-07-lx-white-onyx,Air Force 1 Low '07 LX White Onyx,unavailable
air-force-1-low-drop-type-white-black-volt,Air Force 1 Low Drop Type White Black Volt,unavailable
air-force-1-low-fossil-travis-scott,Air Force 1 Low Fossil Travis Scott,unavailable
air-force-1-lx-vandalised-white,Air Force 1 LX Vandalised White,unavailable
air-force-1-sage-low-lx-1,Air Force 1 Sage Low LX,unavailable
air-force-1-sage-low-lx,Air Force 1 Sage Low LX,unavailable
air-force-1-low-flax-wheat-2021,Air Force 1 Low Flax Wheat (2021),unavailable
nike-air-force-1-low-statement-game,Air Force 1 Low “Statement Game”,unavailable
air-force-1-cdg,Air Force 1 “CDG”,unavailable
air-force-1-low-uninterrupted-more-than-an-athlete,Air Force 1 Low Uninterrupted More Than An Athlete,unavailable
air-force-1-07-lv8,Air Force 1 '07 LV8,unavailable
air-force-1-07-prm-day-of-the-dead,Air Force 1 “Day of the Dead”,unavailable
air-force-1-low-drop-type-white-gold-yellow,Air Force 1 Low Drop Type White Gold Yellow,unavailable
air-force-1-low-drop-type-triple-black,Air Force 1 Low Drop Type Triple Black,unavailable
air-force-1-low-drop-type-black,Air Force 1 Low Drop Type Black,unavailable
air-force-1-07-black-1,Air Force 1 '07 - Black,unavailable
air-force-1-07-3,Air Force 1 Low White Black Swoosh,unavailable
air-force-1-low-utility-white,Air Force 1 Low Utility White,unavailable
air-force-1-low-just-do-it,Air Force 1 Low - 'JUST DO IT',unavailable
air-force-1-low-off-white-complex-con,Air Force 1 Low “OFF WHITE/COMPLEX CON”,unavailable
air-force-1-low-utility-black,Air Force 1 Low Utility Black,unavailable
air-force-1-low-off-white-the-ten,"Air Force 1 Low Off-White ""The Ten""",unavailable
air-force-1-low-off-white-volt,Air Force 1 Low Off-White Volt,unavailable
air-force-1-low-off-white-black,Air Force 1 Low Off-White Black,unavailable
dior-b23-low-top-black,DIOR B23 Low-Top Black,unavailable
dior-b23-low-top-white,DIOR B23 Low-Top White,unavailable
dior-b23-low-top,DIOR B23 Low-Top,unavailable
dior-b23-high-dior-oblique,DIOR B23 High 'DIOR OBLIQUE',unavailable
new-balance-casablanca-xc-72-marshmallow,New Balance Casablanca XC-72 Marshmallow,unavailable
new-balance-casablanca-xc-72-yellow-red,New Balance Casablanca XC-72  Yellow Red,unavailable
new-balance-casablanca-xc-72-green-orange,New Balance Casablanca XC-72 Green Orange,unavailable
yeezy-boost-350-v2-mx-rock,Yeezy Boost 350 V2 MX Rock,unavailable
yeezy-boost-350-v2-mx-oat,Yeezy Boost 350 V2 MX Oat,unavailable
yeezy-boost-350-v2-ash-stone,Yeezy Boost 350 V2 Ash Stone,unavailable
yeezy-boost-350-v2-ash-blue,Yeezy Boost 350 V2 Ash Blue,unavailable
yeezy-boost-350-v2-sand-taupe,Yeezy Boost 350 V2 Sand Taupe,unavailable
yeezy-boost-350-v2-linen,Yeezy Boost 350 V2 Linen,unavailable
yeezy-boost-350-v2-cinder-non-reflective,Yeezy Boost 350 V2 Cinder (Non-Reflective),unavailable
yeezy-boost-350-v2-earth,Yeezy Boost 350 V2 Earth,unavailable
yeezy-boost-350-v2-flax,Yeezy Boost 350 V2 Flax,unavailable
yeezy-boost-350-v2-tail-light,Yeezy Boost 350 V2 Tail Light,unavailable
yeezy-boost-350-v2-desert-sage,Yeezy Boost 350 V2 Desert Sage,unavailable
yeezy-boost-350-v2-citrin-non-reflective,Yeezy Boost 350 V2 Citrin (Non-Reflective),unavailable
yeezy-boost-350-v2-yecheil-non-reflective,Yeezy Boost 350 V2 Yecheil (Non-Reflective),unavailable
yeezy-boost-350-v2-yeezreel-non-reflective,Yeezy Boost 350 V2 Yeezreel (Non-Reflective),unavailable
yeezy-boost-350-v2-synth-non-reflective,Yeezy Boost 350 V2 Synth (Non-Reflective),unavailable
yeezy-boost-350-v2-cloud-white-non-reflective,Yeezy Boost 350 V2 Cloud White (Non-Reflective),unavailable
yeezy-boost-350-v2-hyperspace,Yeezy Boost 350 V2 Hyperspace,unavailable
yeezy-boost-350-v2-black-red,Yeezy Boost 350 V2 Black Red,unavailable
yeezy-boost-350-v2-true-form,Yeezy Boost 350 V2 True Form,unavailable
yeezy-boost-350-v2-gid-glow,"YEEZY BOOST 350 V2 GID ""GLOW""",unavailable
yeezy-boost-350-v2-beluga-2-0,Yeezy Boost 350 V2 Beluga 2.0,unavailable
yeezy-boost-350-v2-static-3m-reflective,Yeezy Boost 350 V2 Static 3M (Reflective),unavailable
yeezy-boost-350-v2-frozen-yellow,Yeezy Boost 350 V2 Semi Frozen Yellow,unavailable
yeezy-boost-350-v2-zebra,Yeezy Boost 350 V2 Zebra,unavailable
yeezy-boost-350-v2-antlia-non-reflective,Yeezy Boost 350 V2 Antlia (Non-Reflective),unavailable
yeezy-boost-350-v2-clay,Yeezy Boost 350 V2 Clay,unavailable
yeezy-boost-350-v2-static-black-reflective,Yeezy Boost 350 V2 Static Black (Reflective),unavailable
yeezy-boost-350-v2-lundmark-non-reflective,Yeezy Boost 350 V2 Lundmark (Non-Reflective),unavailable
air-jordan-6-retro-travis-scott-british-khaki-1,Air Jordan 6 Retro Travis Scott British Khaki,unavailable
air-jordan-6-travis-scott-medium-olive,Air Jordan 6 Travis Scott Medium Olive,unavailable
air-jordan-4-mushroom,Air Jordan 4 Fossil Mushroom,unavailable
air-jordan-4-retro-tour-yellow-lightning,Air Jordan 4 Retro Tour Yellow (Lightning),unavailable
air-jordan-4-retro-kaws-grey,Air Jordan 4 Retro Kaws Grey,unavailable
air-jordan-4-retro-red-thunder,Air Jordan 4 Retro Red Thunder,unavailable
air-jordan-4-retro-fire-red-2020,Air Jordan 4 Retro Fire Red (2020),unavailable
air-jordan-4-retro-union-taupe-haze,Air Jordan 4 Retro Union Taupe Haze,unavailable
air-jordan-4-retro-pure-money,AIR JORDAN 4 RETRO 'PURE MONEY',unavailable
air-jordan-4-retro-union-guava-ice,Air Jordan 4 Retro Union Guava Ice,unavailable
air-jordan-4-neon-volt,Air Jordan 4 Neon Volt,unavailable
air-jordan-4-retro-off-white-sail,Air Jordan 4 Retro Off-White Sail,unavailable
air-jordan-1-retro-low-emerald,Air Jordan 1 Retro Low 'Emerald',unavailable
air-jordan-1-low-white-university-red,Air Jordan 1 Low White University Red,unavailable
air-jordan-1-low-deep-royal-yellow,"AIR JORDAN 1 LOW ""Deep Royal / Yellow""",unavailable
air-jordan-1-low-triple-black,Air Jordan 1 Low Triple Black,unavailable
air-jordan-1-low-dior,Air Jordan 1 Low Dior,unavailable
air-jordan-1-travis-scott-x-chicago,Air Jordan 1 Travis Scott x Chicago,unavailable
air-jordan-1-off-white,Air Jordan 1 Retro High Off-White NRG,unavailable
air-jordan-1-retro-high-og-obsidian-unc-2019,Air Jordan 1 Retro High OG Obsidian UNC 2019,unavailable
air-jordan-1-mid-se-usa,Air Jordan 1 Mid SE USA,unavailable
